{
  "src\\equilens\\backend_server.py": 1761588707.6621273,
  "src\\equilens\\cli.py": 1772767899.7531703,
  "src\\equilens\\gradio_app.py": 1779050806.086557,
  "src\\equilens\\ollama_logger.py": 1772714991.1929371,
  "src\\equilens\\start_all.py": 1761588707.6661263,
  "src\\equilens\\telemetry.py": 1779050780.1640375,
  "src\\equilens\\web_ui.py": 1772717964.4350293,
  "src\\equilens\\__init__.py": 1772854575.9199524,
  "src\\equilens\\__main__.py": 1760519100.3139699,
  "src\\equilens\\backend\\api.py": 1761588707.6601262,
  "src\\equilens\\backend\\database.py": 1771802877.9648235,
  "src\\equilens\\backend\\export.py": 1772717964.4297266,
  "src\\equilens\\backend\\jobs.py": 1771885149.6179602,
  "src\\equilens\\backend\\__init__.py": 1761588707.6591663,
  "src\\equilens\\core\\docker.py": 1760879987.718843,
  "src\\equilens\\core\\gpu.py": 1760519100.3213067,
  "src\\equilens\\core\\manager.py": 1760879972.6734374,
  "src\\equilens\\core\\ollama_config.py": 1760896067.5014555,
  "src\\equilens\\core\\ports.py": 1761588707.6651795,
  "src\\equilens\\core\\__init__.py": 1772854525.4796822,
  "src\\Phase1_CorpusGenerator\\generate_corpus.py": 1772855313.0290432,
  "src\\Phase1_CorpusGenerator\\package_for_zenodo.ps1": 1760530707.4038277,
  "src\\Phase1_CorpusGenerator\\switch_comparison.py": 1772855313.033795,
  "src\\Phase1_CorpusGenerator\\test_config.py": 1771885149.2950385,
  "src\\Phase1_CorpusGenerator\\__init__.py": 1772854668.6315136,
  "src\\Phase2_ModelAuditor\\audit_model.py": 1772855313.0781288,
  "src\\Phase2_ModelAuditor\\enhanced_audit_model.py": 1772768553.0263448,
  "src\\Phase2_ModelAuditor\\run_both_auditors.py": 1772855313.0471618,
  "src\\Phase2_ModelAuditor\\__init__.py": 1760519100.3009064,
  "src\\Phase3_Analysis\\analytics.py": 1772855313.0466325,
  "src\\Phase3_Analysis\\analyze_results.py": 1772855313.0189312,
  "src\\Phase3_Analysis\\__init__.py": 1771934859.0013416,
  "src\\Phase1_CorpusGenerator\\README.md": 1760546284.444412,
  "src\\Phase1_CorpusGenerator\\corpus\\README_TEST_CORPUS.md": 1760556994.3802798,
  "src\\Phase2_ModelAuditor\\README.md": 1760530707.4134233
}